n_objects,kde_peak,S_total,S_CI_16,S_CI_50,S_CI_84,S_DM,S_DE,S_ratio
56176,0.21910955477738867,4.229027180238956,4.227159940038512,4.230348530694095,4.277298821557823,4.285170185028806,4.261251938885101,1.0056129622201975
