n_objects,kde_peak_ellipticity,S_total,S_CI_16,S_CI_50,S_CI_84,S_DM,S_DE,S_ratio,target_Tom,a_fit,b_fit,Tom_pred,flux_median
56176,0.21910955477738867,4.229027180238956,4.227084860011885,4.230797046367277,4.2790287575722985,4.285170185028806,4.261251938885101,1.0056129622201975,-0.00042925603348728,-0.00021462421391222548,-0.0002134262395834321,-0.0004292551310998865,0.30798639357089996
