n_objects,ratio,target_Tom,a_med,a_mlo,a_mhi,b_med,b_mlo,b_mhi,sigma_med,sigma_mlo,sigma_mhi,mean_acceptance_fraction,ppc_pvalue
,1.0056129622201975,-0.00042925603348728,0.04538618291441493,0.7214782469948151,0.6518721721824363,-0.03598206150348604,0.6464310070912173,0.7064089947528805,0.00010067945656071075,0.00010062148273887293,0.0529804286829837,0.28822187499999996,0.9705
